Main Keyword,Pillar Topic,Blog Post,Blog Post Outline,Search Volume
PayRoll,Payroll Compliance,State-Specific Payroll Regulations,"Apple, Juice, Cramberry",1
,Payroll Compliance,Payroll Compliance and Management,"Cramberry, Apple, Juice",2
,Startup Payroll,Startup Payroll and Compliance,"Apple Juice, Cramberry, Pineaple",1
,Startup Payroll,Scalable Payroll Solutions for Growing Startups,Juice,5
,Payroll Software,Automated Payroll Solutions,Apple,1
,Payroll Software,Software Integrations,Cramberry,8
,Global Payroll,Global Payroll Management,"Pineaple, Juice, Cramberry Juice",1
,Global Payroll,Payroll for Remote Teams,,9
,Industry Payroll,Restaurant Payroll,,1
,Industry Payroll,Corporate Payroll,,2000
,Industry Payroll,Small Business Payroll,,1
,Industry Payroll,Manufacturing Payroll,,50
,Industry Payroll,Non-Profit Payroll,,1
,Industry Payroll,Healthcare Payroll,,30
,Competitor Payroll,ADP vs Warp,,1
,Competitor Payroll,Gusto vs Warp,,10000
,Competitor Payroll,OnPay vs Warp,,1
,Competitor Payroll,Paycor vs Warp,,1
,Competitor Payroll,QuickBooks vs Warp,,1